{
    "xgb_train_scores": 0.9728134478898127,
    "catboost_train_scores": 0.9728548579007938,
    "rf_train_scores": 0.9742214418503259,
    "xgb_accuracy": 0.9728341891668048,
    "catboost_accuracy": 0.9729170117608084,
    "rf_accuracy": 0.9744078184528739,
    "xgb_f1": 0.9728159578610427,
    "catboost_f1": 0.9728821199105614,
    "rf_f1": 0.9743808243846758
}