{
    "Train Accuracy": {
        "Decision Tree": 1.0,
        "Random Forest": 0.9999585887029981,
        "XGBoost": 0.9878388824471315,
        "CatBoost": 0.9817997349676992,
        "KNN": 0.9708740544420519,
        "Logistic Regression": 0.9425763348241402,
        "SVC": 0.9523286952680691,
        "AdaBoost": 0.9488708519684169,
        "MLP": 0.9714193031859092
    },
    "Validation Accuracy": {
        "Decision Tree": 0.955387081611863,
        "Random Forest": 0.96924585429732,
        "XGBoost": 0.9677547821665743,
        "CatBoost": 0.9690801542144701,
        "KNN": 0.9469936225586215,
        "Logistic Regression": 0.9267855281278634,
        "SVC": 0.9327480791775716,
        "AdaBoost": 0.937604591318852,
        "MLP": 0.9606323305369159
    },
    "Test Accuracy": {
        "Decision Tree": 0.962619402573022,
        "Random Forest": 0.9749875766108994,
        "XGBoost": 0.973551984981503,
        "CatBoost": 0.9731654795428192,
        "KNN": 0.963834133951742,
        "Logistic Regression": 0.9442327867042128,
        "SVC": 0.9545027883606648,
        "AdaBoost": 0.950085583347137,
        "MLP": 0.9714538126000773
    },
    "Validation F1 Score": {
        "Decision Tree": 0.9562263161463505,
        "Random Forest": 0.9701852993914694,
        "XGBoost": 0.9677239347818803,
        "CatBoost": 0.9690241758147703,
        "KNN": 0.9467208478566338,
        "Logistic Regression": 0.9260837216305324,
        "SVC": 0.9322933022833048,
        "AdaBoost": 0.937077762111388,
        "MLP": 0.9596563356125808
    }
}